case,time,N,observed_mode,mode_amplitude,smooth_amplitude,mean,mean_square,max_abs
coarse-contaminated,0.0,20,10,0.0009999999999999848,1.0,2.824346659324739e-17,0.5000009999999999,1.001
coarse-contaminated,0.1,20,10,-0.0005999999999999823,0.9608452130361229,2.933851078745775e-17,0.46161212170721616,0.9614452130361228
coarse-contaminated,0.2,20,10,0.0003599999999999786,0.9232235234144323,2.9343931798320175e-17,0.42617096669287946,0.9235835234144323
coarse-contaminated,0.30000000000000004,20,10,-0.0002159999999999863,0.8870749030351002,3.5447990029413566e-17,0.3934509884533662,0.8872909030351002
coarse-contaminated,0.4,20,10,0.00012959999999999908,0.8523416741857588,2.4901413396560824e-17,0.36324318157305113,0.8524712741857589
coarse-contaminated,0.5,20,10,-7.775999999999901e-05,0.8189684175125811,2.7676970958123715e-17,0.3353546404881483,0.8190461775125811
coarse-contaminated,0.6000000000000001,20,10,4.665599999998846e-05,0.7869018835947325,2.962040335230398e-17,0.30960728937925125,0.7869485395947323
coarse-contaminated,0.7000000000000001,20,10,-2.799359999998593e-05,0.756090907981107,4.54402683015831e-17,0.28583673134948906,0.7561189015811071
coarse-contaminated,0.8,20,10,1.6796160000000702e-05,0.7264863295537823,4.3497513533760637e-17,0.2638911937963744,0.7265031257137823
coarse-contaminated,0.9,20,10,-1.0077696000006321e-05,0.698040912087935,4.0166810578567273e-17,0.243630557575838,0.698050989783935
coarse-contaminated,1.0,20,10,6.046617600010328e-06,0.6707092688830614,4.3497513533760637e-17,0.2249254617193869,0.6707153155006613
fine-contaminated,0.0,80,40,0.0009999999999999976,1.0,1.46936499426098e-17,0.500001,1.001
fine-contaminated,0.1,80,40,-0.024599999999999927,0.9605418717840382,3.243932900076629e-17,0.4619255037251918,0.985141871784038
fine-contaminated,0.2,80,40,0.6051599999999983,0.9226406874503835,4.5102810375396984e-17,0.791851544669456,1.5278006874503625
fine-contaminated,0.30000000000000004,80,40,-14.886935999999958,0.8862350129077032,-2.2204460492503132e-17,222.01356971714648,15.773171012907628
fine-contaminated,0.4,80,40,366.218625599999,0.85126583813892,-1.4210854715202005e-15,134116.4440631158,367.06989143813036
fine-contaminated,0.5,80,40,-9008.978189759975,0.8176764815515336,-6.821210263296962e-14,81161688.35786834,9009.795866241464
fine-contaminated,0.6000000000000001,80,40,221620.86346809543,0.7854124981023651,-3.2741809263825417e-12,49115807124.652626,221621.6488805902
fine-contaminated,0.7000000000000001,80,40,-5451873.241315147,0.7544215910566413,-1.1641532182693482e-11,29722921839368.418,5451873.995736691
fine-contaminated,0.8,80,40,134116081.73635264,0.7246535233602779,-1.1175870895385742e-09,1.7987123380312022e+16,134116082.46100466
fine-contaminated,0.9,80,40,-3299255610.714275,0.6960600997824897,3.5762786865234374e-08,1.0885087584829624e+19,3299255611.410309
fine-contaminated,1.0,80,40,81161688023.57117,0.6685952287258717,0.0,6.587219602835496e+21,81161688024.23907
fine-substepped,0.0,80,40,0.0009999999999999976,1.0,1.46936499426098e-17,0.500001,1.001
fine-substepped,0.1,80,40,2.821109907452189e-07,0.961263356959005,1.2928924294943449e-17,0.4620136207161273,0.9612636390699958
fine-substepped,0.2,80,40,7.958661447409321e-11,0.9240272414320954,4.389167891472826e-19,0.42691317145430385,0.9240272415116819
fine-substepped,0.30000000000000004,80,40,2.2451924032271813e-14,0.8882335280205849,-5.459143028737779e-18,0.39447940014994753,0.8882335280206073
fine-substepped,0.4,80,40,9.771729090338657e-18,0.8538263429086077,1.8792291165418056e-17,0.3645097119223437,0.8538263429086077
fine-substepped,0.5,80,40,2.3471126131579234e-18,0.8207519766443587,1.2061564078628043e-17,0.336816903582811,0.8207519766443588
fine-substepped,0.6000000000000001,80,40,2.225681969839547e-18,0.7889588002998951,1.558305273486096e-17,0.3112279942853248,0.7889588002998951
fine-substepped,0.7000000000000001,80,40,2.260376439359083e-18,0.7583971848786263,5.903295738910378e-18,0.28758314501591264,0.7583971848786264
fine-substepped,0.8,80,40,1.6705704575269688e-18,0.7290194238446874,3.2318215859060947e-18,0.26573466017142,0.7290194238446874
fine-substepped,0.9,80,40,-3.4295165618448443e-18,0.700779658653264,5.764517860832234e-18,0.2455460649910925,0.700779658653264
fine-substepped,1.0,80,40,2.4685432564763e-18,0.673633807165622,2.2417863230209583e-17,0.22689125307822522,0.6736338071656222
filter-original,0.0,80,40,0.0009999999999999976,1.0,1.46936499426098e-17,0.500001,1.001
filter-original,0.1,80,40,6.201636426617086e-18,0.9590613567710047,4.228388472693467e-17,0.4598993430257202,0.9590613567710049
filter-original,0.2,80,40,3.556183125752454e-18,0.9197986860514404,5.108760636751697e-17,0.4230148114309781,0.9197986860514404
filter-original,0.30000000000000004,80,40,-5.724587470723463e-18,0.8821433758006819,5.603156827405086e-17,0.3890884677345115,0.882143375800688
filter-original,0.4,80,40,3.0791341698588324e-18,0.8460296228619562,5.685556192513985e-17,0.3578830613799719,0.8460296228619592
filter-original,0.5,80,40,2.9923979960599924e-18,0.8113943179704493,4.636048489548017e-17,0.3291803696173652,0.8113943179706483
filter-original,0.6000000000000001,80,40,2.732189474663471e-18,0.778176935469023,5.113097445441639e-17,0.30277967144797996,0.7781769354692888
filter-original,0.7000000000000001,80,40,9.75781955236954e-19,0.7463194275388239,5.4058320320127254e-17,0.2784963439609388,0.7463194275450704
filter-original,0.8,80,40,9.367506770274759e-18,0.7157661227599439,5.169475958410885e-17,0.2561605712454015,0.7157661227725266
filter-original,0.9,80,40,2.8406096919120215e-18,0.6864636288248733,5.835176092316985e-17,0.2356161568497067,0.6864636290189926
filter-original,1.0,80,40,-2.5370330836160802e-18,0.6583607392347304,6.043342909434201e-17,0.2167194314828503,0.6583607397004863
filter-transfer-witness,0.0,80,20,0.0009999999999995176,1.0,1.6071869527160688e-17,0.5000005,1.0
filter-transfer-witness,0.1,80,20,-0.005900000000000584,0.9590613567710047,1.947227101783966e-17,0.45991674802572025,0.9620048906786264
filter-transfer-witness,0.2,80,20,0.03481000000000013,0.9197986860514404,2.291190241004992e-17,0.42362067948097815,0.951773253669637
filter-transfer-witness,0.30000000000000004,80,20,-0.20537900000000398,0.8821433758006819,2.151057110211241e-17,0.41017873455501225,1.0848030221735532
filter-transfer-witness,0.4,80,20,1.2117361000000206,0.8460296228619564,6.869504964868156e-17,1.0920352494016023,2.055157695882795
filter-transfer-witness,0.5,80,20,-7.1492429900001255,0.8113943179704494,6.661338147750939e-17,25.885018034650322,7.958136050077236
filter-transfer-witness,0.6000000000000001,80,20,42.180533641000736,0.7781769354690221,1.7763568394002506e-16,889.9014887912456,42.956311716680375
filter-transfer-witness,0.7000000000000001,80,20,-248.86514848190436,0.74631942753882,5.329070518200751e-16,30967.209560804116,249.60916725571343
filter-transfer-witness,0.8,80,20,1468.3043760432358,0.7157661227599464,2.5579538487363607e-14,1077959.1265144295,1469.017935697883
filter-transfer-witness,0.9,80,20,-8662.995818655092,0.6864636288248641,3.410605131648481e-14,37523748.512633964,8663.680166145432
filter-transfer-witness,1.0,80,20,51111.675330065045,0.6583607392344777,-6.821210263296962e-13,1306201677.7397094,51112.33166129668
