capture,id,t,cabinet,port,n,reading,cooldown20_page,cooldown60_page,page,fresh,reason,active_before,active_after,newest_n_after
long_spell,long-1,0,A,left,10,NORMAL,False,False,False,True,normal,False,False,10
long_spell,long-2,5,A,left,11,HIGH,True,True,True,True,new_problem,False,True,11
long_spell,long-3,6,A,left,12,HIGH,False,False,False,True,continuing_problem,True,True,12
long_spell,long-4,30,A,left,13,HIGH,True,False,False,True,continuing_problem,True,True,13
long_spell,long-5,40,A,left,14,NORMAL,False,False,False,True,recovered,True,False,14
quick_return,quick-1,0,A,left,20,NORMAL,False,False,False,True,normal,False,False,20
quick_return,quick-2,5,A,left,21,HIGH,True,True,True,True,new_problem,False,True,21
quick_return,quick-3,8,A,left,22,NORMAL,False,False,False,True,recovered,True,False,22
quick_return,quick-4,12,A,left,23,HIGH,False,False,True,True,new_problem,False,True,23
quick_return,quick-5,18,A,left,24,NORMAL,False,False,False,True,recovered,True,False,24
two_ports,ports-1,0,A,left,30,NORMAL,False,False,False,True,normal,False,False,30
two_ports,ports-2,0,A,right,90,NORMAL,False,False,False,True,normal,False,False,90
two_ports,ports-3,5,A,left,31,HIGH,True,True,True,True,new_problem,False,True,31
two_ports,ports-4,8,A,right,91,HIGH,False,False,True,True,new_problem,False,True,91
reconnected,reconnect-1,0,A,left,50,NORMAL,False,False,False,True,normal,False,False,50
reconnected,reconnect-2,2,A,left,51,HIGH,True,True,True,True,new_problem,False,True,51
reconnected,reconnect-3,4,A,left,52,NORMAL,False,False,False,True,recovered,True,False,52
reconnected,reconnect-4,40,A,left,51,HIGH,True,False,False,False,ignored_non_newer,False,False,52
reconnected,reconnect-5,42,A,left,53,NORMAL,False,False,False,True,normal,False,False,53
unreadable_patch,invalid-1,0,A,left,60,NORMAL,False,False,False,True,normal,False,False,60
unreadable_patch,invalid-2,3,A,left,61,HIGH,True,True,True,True,new_problem,False,True,61
unreadable_patch,invalid-3,7,A,left,62,INVALID,False,False,False,True,unreadable_preserves_episode,True,True,62
unreadable_patch,invalid-4,30,A,left,63,HIGH,True,False,False,True,continuing_problem,True,True,63
unreadable_patch,invalid-5,35,A,left,64,NORMAL,False,False,False,True,recovered,True,False,64
quiet,quiet-1,0,B,right,2,NORMAL,False,False,False,True,normal,False,False,2
quiet,quiet-2,20,B,right,3,NORMAL,False,False,False,True,normal,False,False,3
already_high,startup-1,0,B,left,70,HIGH,True,True,True,True,new_problem,False,True,70
already_high,startup-2,25,B,left,71,HIGH,True,False,False,True,continuing_problem,True,True,71
already_high,startup-3,30,B,left,72,NORMAL,False,False,False,True,recovered,True,False,72
two_cabinets,cabs-1,0,A,left,80,NORMAL,False,False,False,True,normal,False,False,80
two_cabinets,cabs-2,0,B,left,80,NORMAL,False,False,False,True,normal,False,False,80
two_cabinets,cabs-3,5,A,left,81,HIGH,True,True,True,True,new_problem,False,True,81
two_cabinets,cabs-4,6,B,left,81,HIGH,True,True,True,True,new_problem,False,True,81
